,name,country,age,hand,BuenosAires(2019/03),Cali(2019/05),Paris(2019/05),Tokyo(2019/06),Dusseldorf(2019/06),Bamako(2019/06),Toronto(2019/06),Budapest(2019/07),SA_A,SA_B,SA_C,SA_D,SA_E,SA_F,SA_G,SA_H,SA_I,Berne(2019/11),Heidenheim(2020/01),Doha(2020/01),Vancouver(2020/02),Budapest(2020/03),total,before_Heidenheim WA,before_Vancouver WA,before_Budapest GP,in_match
1,BIDA Sergey,RUS,27.0,L,32.0,0.0,0.0,0.0,6.0,0.0,0.0,65.0,0.0,0.0,0.0,0.0,0.0,0.0,0.0,0.0,0.0,8.0,20.0,48.0,26.0,0.0,205.0,111.0,179.0,205.0,True
2,YAMADA Masaru,JPN,26.0,R,0.0,6.0,0.0,48.0,0.0,0.0,0.0,20.0,0.0,0.0,0.0,0.0,0.0,0.0,0.0,0.0,0.0,0.0,8.0,30.0,4.0,48.0,164.0,74.0,112.0,116.0,True
3,SIKLOSI Gergely,HUN,23.0,R,0.0,0.0,20.0,0.0,6.0,0.0,0.0,80.0,0.0,0.0,0.0,0.0,0.0,0.0,0.0,0.0,0.0,4.0,32.0,12.0,8.0,0.0,162.0,110.0,154.0,162.0,True
4,REIZLIN Igor,UKR,36.0,R,0.0,12.0,0.0,0.0,6.0,0.0,0.0,50.0,0.0,0.0,0.0,0.0,0.0,0.0,0.0,0.0,0.0,32.0,14.0,12.0,0.0,30.0,156.0,100.0,126.0,126.0,True
5,SANTARELLI Andrea,ITA,27.0,R,8.0,6.0,8.0,0.0,39.0,0.0,0.0,50.0,0.0,0.0,0.0,0.0,0.0,0.0,0.0,0.0,0.0,0.0,0.0,30.0,0.0,6.0,147.0,111.0,141.0,141.0,True
6,BOREL Yannick,FRA,31.0,R,0.0,0.0,0.0,0.0,12.0,0.0,0.0,35.0,0.0,0.0,0.0,0.0,0.0,0.0,0.0,0.0,0.0,14.0,14.0,12.0,14.0,39.0,140.0,61.0,87.0,101.0,True
7,VERWIJLEN Bas,NED,37.0,R,0.0,3.0,0.0,0.0,21.0,0.0,0.0,35.0,0.0,0.0,0.0,0.0,0.0,0.0,0.0,0.0,0.0,0.0,4.0,21.0,32.0,6.0,122.0,59.0,84.0,116.0,True
8,PARK Sangyoung,KOR,25.0,R,0.0,12.0,32.0,12.0,0.0,0.0,0.0,10.0,0.0,0.0,0.0,0.0,0.0,0.0,0.0,0.0,0.0,0.0,26.0,12.0,8.0,0.0,112.0,66.0,104.0,112.0,True
9,MINOBE Kazuyasu,JPN,33.0,L,14.0,48.0,0.0,6.0,0.0,0.0,0.0,10.0,0.0,0.0,0.0,0.0,0.0,0.0,0.0,0.0,0.0,0.0,4.0,0.0,8.0,21.0,111.0,78.0,82.0,90.0,True
10,LIMARDO GASCON Ruben,VEN,35.0,L,8.0,0.0,8.0,0.0,0.0,0.0,48.0,10.0,0.0,0.0,0.0,0.0,0.0,0.0,0.0,0.0,0.0,8.0,0.0,0.0,20.0,6.0,108.0,82.0,82.0,102.0,True
11,BARDENET Alexandre,FRA,30.0,R,4.0,0.0,0.0,0.0,6.0,0.0,0.0,20.0,0.0,0.0,0.0,0.0,0.0,0.0,0.0,0.0,0.0,20.0,4.0,39.0,8.0,0.0,101.0,50.0,93.0,101.0,True
12,NIKISHIN Bogdan,UKR,40.0,R,14.0,0.0,0.0,0.0,21.0,0.0,0.0,20.0,0.0,0.0,0.0,0.0,0.0,0.0,0.0,0.0,0.0,14.0,0.0,6.0,20.0,6.0,101.0,69.0,75.0,95.0,True
13,CIMINI Gabriele,ITA,26.0,R,26.0,21.0,0.0,0.0,6.0,0.0,0.0,5.0,0.0,0.0,0.0,0.0,0.0,0.0,0.0,0.0,0.0,0.0,4.0,0.0,14.0,12.0,88.0,58.0,62.0,76.0,True
14,REDLI Andras,HUN,36.0,R,20.0,12.0,0.0,0.0,3.0,0.0,0.0,20.0,0.0,0.0,0.0,0.0,0.0,0.0,0.0,0.0,0.0,0.0,0.0,12.0,14.0,3.0,84.0,55.0,67.0,81.0,True
15,KURBANOV Ruslan,KAZ,29.0,R,1.0,0.0,1.0,30.0,0.0,0.0,0.0,35.0,0.0,0.0,0.0,0.0,0.0,0.0,0.0,0.0,0.0,4.0,0.0,6.0,0.0,6.0,83.0,71.0,77.0,77.0,True
16,ZAWROTNIAK Radoslaw,POL,39.0,L,0.0,39.0,0.0,0.0,3.0,0.0,0.0,5.0,0.0,0.0,0.0,0.0,0.0,0.0,0.0,0.0,0.0,2.0,20.0,1.5,0.0,12.0,82.5,49.0,70.5,70.5,True
17,UYAMA Satoru,JPN,28.0,R,0.0,0.0,2.0,39.0,0.0,0.0,0.0,20.0,0.0,0.0,0.0,0.0,0.0,0.0,0.0,0.0,0.0,2.0,2.0,0.0,8.0,3.0,76.0,63.0,65.0,73.0,True
18,HEINZER Max,SUI,33.0,R,0.0,12.0,14.0,0.0,6.0,0.0,0.0,10.0,0.0,0.0,0.0,0.0,0.0,0.0,0.0,0.0,0.0,0.0,0.0,6.0,14.0,12.0,74.0,42.0,48.0,62.0,True
19,ELKORD Houssam,MAR,0.0,,0.0,3.0,1.0,0.0,0.0,48.0,0.0,2.5,0.0,0.0,0.0,0.0,0.0,0.0,0.0,0.0,0.0,14.0,0.0,0.0,1.0,1.5,71.0,68.5,68.5,69.5,False
20,FREILICH Yuval Shalom,ISR,0.0,,0.0,3.0,0.0,0.0,48.0,0.0,0.0,5.0,0.0,0.0,0.0,0.0,0.0,0.0,0.0,0.0,0.0,2.0,2.0,6.0,0.0,1.5,67.5,58.0,66.0,66.0,False
21,PEREIRA Yulen,ESP,25.0,R,8.0,21.0,14.0,0.0,3.0,0.0,0.0,5.0,0.0,0.0,0.0,0.0,0.0,0.0,0.0,0.0,0.0,8.0,0.0,0.0,0.0,6.0,65.0,59.0,59.0,59.0,True
22,KANO Koki,JPN,22.0,R,0.0,3.0,0.0,12.0,0.0,0.0,0.0,35.0,0.0,0.0,0.0,0.0,0.0,0.0,0.0,0.0,0.0,0.0,4.0,3.0,2.0,6.0,65.0,50.0,57.0,59.0,True
23,ALEXANIN Dmitriy,KAZ,28.0,L,0.0,3.0,0.0,21.0,0.0,0.0,0.0,20.0,0.0,0.0,0.0,0.0,0.0,0.0,0.0,0.0,0.0,0.0,8.0,3.0,2.0,6.0,63.0,44.0,55.0,57.0,True
24,MCDOWALD Curtis,USA,24.0,R,20.0,0.0,2.0,0.0,0.0,0.0,21.0,5.0,0.0,0.0,0.0,0.0,0.0,0.0,0.0,0.0,0.0,0.0,8.0,3.0,0.0,1.5,60.5,48.0,59.0,59.0,True
25,WANG Zijie,CHN,24.0,R,0.0,21.0,0.0,21.0,0.0,0.0,0.0,2.5,0.0,0.0,0.0,0.0,0.0,0.0,0.0,0.0,0.0,0.0,8.0,3.0,2.0,3.0,60.5,44.5,55.5,57.5,True
26,TULEN Tristan,NED,29.0,L,8.0,30.0,8.0,0.0,3.0,0.0,0.0,1.25,0.0,0.0,0.0,0.0,0.0,0.0,0.0,0.0,0.0,0.0,0.0,0.0,4.0,6.0,60.25,50.25,50.25,54.25,True
27,GAROZZO Enrico,ITA,31.0,R,2.0,1.5,0.0,0.0,30.0,0.0,0.0,5.0,0.0,0.0,0.0,0.0,0.0,0.0,0.0,0.0,0.0,0.0,14.0,0.0,4.0,0.75,57.25,38.5,52.5,56.5,True
28,SVICHKAR Roman,UKR,0.0,,2.0,3.0,14.0,0.0,3.0,0.0,0.0,10.0,0.0,0.0,0.0,0.0,0.0,0.0,0.0,0.0,0.0,20.0,0.0,0.0,4.0,0.0,56.0,52.0,52.0,56.0,False
29,GLAZKOV Nikita,RUS,0.0,,2.0,0.0,26.0,0.0,3.0,0.0,0.0,10.0,0.0,0.0,0.0,0.0,0.0,0.0,0.0,0.0,0.0,8.0,0.0,3.0,0.0,3.0,55.0,49.0,52.0,52.0,False
30,LAN Minghao,CHN,24.0,R,14.0,3.0,0.0,21.0,0.0,0.0,0.0,5.0,0.0,0.0,0.0,0.0,0.0,0.0,0.0,0.0,0.0,2.0,4.0,3.0,0.0,0.0,52.0,45.0,52.0,52.0,True
31,ELSAGHIR Ahmed,EGY,34.0,R,0.0,0.0,0.25,0.0,0.0,39.0,0.0,10.0,0.0,0.0,0.0,0.0,0.0,0.0,0.0,0.0,0.0,0.25,2.0,0.0,0.0,0.0,51.5,49.5,51.5,51.5,True
32,FICHERA Marco,ITA,0.0,,0.5,30.0,4.0,0.0,6.0,0.0,0.0,5.0,0.0,0.0,0.0,0.0,0.0,0.0,0.0,0.0,0.0,4.0,0.25,0.0,0.0,0.0,49.75,49.5,49.75,49.75,False
33,SHARLAIMOV Vadim,KAZ,23.0,R,0.0,0.0,1.0,0.0,0.0,0.0,0.0,10.0,0.0,0.0,0.0,0.0,0.0,0.0,0.0,0.0,0.0,0.0,2.0,3.0,2.0,30.0,48.0,11.0,16.0,18.0,True
34,MAHRINGER Josef,AUT,23.0,L,4.0,0.0,0.0,0.0,21.0,0.0,0.0,5.0,0.0,0.0,0.0,0.0,0.0,0.0,0.0,0.0,0.0,0.0,4.0,6.0,1.0,6.0,47.0,30.0,40.0,41.0,True
35,GUSTIN Ronan,FRA,33.0,R,4.0,6.0,0.0,0.0,6.0,0.0,0.0,20.0,0.0,0.0,0.0,0.0,0.0,0.0,0.0,0.0,0.0,4.0,0.0,0.0,4.0,3.0,47.0,40.0,40.0,44.0,True
36,VUORINEN Niko,FIN,31.0,L,4.0,6.0,0.0,0.0,12.0,0.0,0.0,5.0,0.0,0.0,0.0,0.0,0.0,0.0,0.0,0.0,0.0,0.0,4.0,3.0,0.0,12.0,46.0,27.0,34.0,34.0,True
37,LIMARDO Jesus,VEN,0.0,,0.5,1.5,0.25,0.0,0.0,0.0,39.0,2.5,0.0,0.0,0.0,0.0,0.0,0.0,0.0,0.0,0.0,0.0,0.0,0.0,0.5,0.75,45.0,43.75,43.75,44.25,False
38,BERAN Jiri,CZE,0.0,,4.0,1.5,1.0,0.0,30.0,0.0,0.0,5.0,0.0,0.0,0.0,0.0,0.0,0.0,0.0,0.0,0.0,2.0,0.0,1.5,0.0,0.0,45.0,43.5,45.0,45.0,False
39,VISMARA Federico,ITA,23.0,R,0.0,21.0,8.0,0.0,0.0,0.0,0.0,0.0,0.0,0.0,0.0,0.0,0.0,4.0,0.0,0.0,0.0,0.0,8.0,0.0,0.0,3.0,44.0,33.0,41.0,41.0,True
40,REYTOR VENET Yunior,CUB,32.0,R,1.0,1.5,0.5,0.0,0.0,0.0,30.0,5.0,0.0,0.0,0.0,0.0,0.0,0.0,0.0,0.0,0.0,0.0,2.0,0.75,0.0,0.0,40.75,38.0,40.75,40.75,True
41,ANDRASFI Tibor,HUN,0.0,,0.0,0.0,0.0,0.0,21.0,0.0,0.0,0.0,0.0,0.0,0.0,0.0,0.0,0.0,0.0,0.0,0.0,14.0,1.0,1.5,0.25,3.0,40.75,35.0,37.5,37.75,False
42,ELSAYED Ahmed,EGY,0.0,,0.0,0.0,8.0,0.0,0.0,30.0,0.0,1.25,0.0,0.0,0.0,0.0,0.0,0.0,0.0,0.0,0.0,0.25,1.0,0.0,0.0,0.0,40.5,39.5,40.5,40.5,False
43,STANKEVYCH Volodymyr,UKR,25.0,R,0.0,6.0,0.0,0.0,12.0,0.0,0.0,2.5,0.0,0.0,0.0,0.0,0.0,0.0,0.0,0.0,0.0,2.0,0.0,3.0,2.0,12.0,39.5,22.5,25.5,27.5,True
44,MOHSEN Mahmoud,EGY,25.0,L,0.0,0.0,0.25,0.0,0.0,30.0,0.0,2.5,0.0,0.0,0.0,0.0,0.0,0.0,0.0,0.0,0.0,0.0,2.0,0.0,0.0,3.0,37.75,32.75,34.75,34.75,True
45,LUGONES RUGGERI Jesus Andres,ARG,28.0,R,8.0,3.0,0.0,0.0,0.0,0.0,12.0,1.25,0.0,0.0,0.0,0.0,0.0,0.0,0.0,0.0,0.0,8.0,0.0,3.0,2.0,0.0,37.25,32.25,35.25,37.25,True
46,KAULL James,USA,0.0,,1.0,6.0,0.0,0.0,0.0,0.0,21.0,5.0,0.0,0.0,0.0,0.0,0.0,0.0,0.0,0.0,0.0,2.0,0.0,0.75,0.0,0.75,36.5,35.0,35.75,35.75,False
47,ANOKHIN Vadim,RUS,28.0,R,4.0,0.0,0.0,0.0,0.0,0.0,0.0,0.0,0.0,0.0,0.0,0.0,0.0,0.0,3.0,0.0,0.0,26.0,2.0,0.0,1.0,0.0,36.0,33.0,35.0,36.0,True
48,JURKA Jakub,CZE,21.0,L,0.0,12.0,0.0,0.0,6.0,0.0,0.0,10.0,0.0,0.0,0.0,0.0,0.0,0.0,0.0,0.0,0.0,1.0,0.0,3.0,2.0,1.5,35.5,29.0,32.0,34.0,True
49,ALIMZHANOV Elmir,KAZ,34.0,R,2.0,0.0,1.0,12.0,0.0,0.0,0.0,2.5,0.0,4.0,0.0,0.0,0.0,0.0,0.0,0.0,0.0,0.0,0.0,1.5,0.0,12.0,35.0,21.5,23.0,23.0,True
50,CANNONE Romain,FRA,23.0,R,4.0,3.0,0.0,0.0,3.0,0.0,0.0,10.0,0.0,0.0,0.0,0.0,0.0,0.0,0.0,0.0,0.0,8.0,0.0,3.0,4.0,0.0,35.0,28.0,31.0,35.0,True
51,DOMINGUEZ Jose Felix,ARG,0.0,,0.5,0.0,0.25,0.0,0.0,0.0,30.0,2.5,0.0,0.0,0.0,0.0,0.0,0.0,0.0,0.0,0.0,0.25,0.0,0.0,1.0,0.375,34.875,33.5,33.5,34.5,False
52,HOYLE Jacob,USA,26.0,L,0.0,3.0,4.0,0.0,0.0,0.0,12.0,5.0,0.0,0.0,0.0,0.0,0.0,0.0,0.0,0.0,0.0,0.0,2.0,6.0,2.0,0.0,34.0,24.0,32.0,34.0,True
53,CAPEK Martin,CZE,37.0,R,1.0,0.75,2.0,0.0,0.0,0.0,0.0,10.0,0.0,0.0,0.0,0.0,0.0,0.0,0.0,0.0,0.0,0.0,14.0,6.0,0.0,0.0,33.75,13.75,33.75,33.75,True
54,KOCH Mate Tamas,HUN,21.0,R,0.0,0.0,20.0,0.0,3.0,0.0,0.0,1.25,0.0,0.0,0.0,0.0,0.0,0.0,0.0,0.0,0.0,0.0,2.0,3.0,4.0,0.375,33.625,24.25,29.25,33.25,True
55,VON DER OSTEN Frederik,DEN,27.0,R,0.0,0.0,2.0,0.0,3.0,0.0,0.0,20.0,2.0,0.0,0.0,0.0,0.0,0.0,0.0,0.0,3.0,0.0,2.0,0.0,0.0,1.5,33.5,30.0,32.0,32.0,True
56,PRIINITS Sten,EST,32.0,R,0.0,0.0,0.0,0.0,6.0,0.0,0.0,10.0,0.0,0.0,4.0,3.0,3.0,0.0,0.0,0.0,0.0,0.0,0.0,0.0,4.0,3.0,33.0,26.0,26.0,30.0,True
57,RODRIGUEZ John Edison,COL,0.0,,0.5,12.0,4.0,0.0,0.0,0.0,12.0,2.5,0.0,0.0,0.0,0.0,0.0,0.0,0.0,0.0,0.0,0.5,0.0,1.5,0.0,0.0,33.0,31.5,33.0,33.0,False
58,JORGENSEN Patrick,DEN,29.0,R,0.0,3.0,0.0,0.0,6.0,0.0,0.0,10.0,0.0,0.0,0.0,4.0,0.0,0.0,0.0,0.0,0.0,4.0,0.0,1.5,4.0,0.0,32.5,27.0,28.5,32.5,True
59,LIMARDO Francisco,VEN,0.0,,2.0,0.0,0.5,0.0,0.0,0.0,21.0,5.0,0.0,0.0,0.0,0.0,0.0,0.0,0.0,0.0,0.0,2.0,0.25,0.0,0.0,1.5,32.25,30.5,30.75,30.75,False
60,KWEON Youngjun,KOR,0.0,,1.0,6.0,8.0,12.0,0.0,0.0,0.0,5.0,0.0,0.0,0.0,0.0,0.0,0.0,0.0,0.0,0.0,0.0,0.0,0.0,0.0,0.0,32.0,32.0,32.0,32.0,False
61,NAGY David,HUN,21.0,R,0.0,0.0,0.0,0.0,0.0,0.0,0.0,5.0,0.0,0.0,0.0,0.0,0.0,0.0,0.0,0.0,0.0,2.0,0.25,21.0,2.0,0.75,31.0,7.0,28.25,30.25,True
62,ELSAYED Mohamed,EGY,17.0,R,0.0,0.0,2.0,0.0,0.0,21.0,0.0,1.25,0.0,0.0,0.0,0.0,0.0,0.0,0.0,0.0,0.0,2.0,0.5,0.0,4.0,0.0,30.75,26.25,26.75,30.75,True
63,RODNEY Adam,USA,0.0,,2.0,1.5,0.0,0.0,0.0,0.0,12.0,10.0,0.0,0.0,0.0,0.0,0.0,0.0,0.0,0.0,0.0,1.0,0.0,3.0,1.0,0.0,30.5,26.5,29.5,30.5,False
64,BERTA Daniel,HUN,26.0,L,0.0,0.0,0.5,0.0,0.0,0.0,0.0,0.0,0.0,0.0,0.0,0.0,0.0,0.0,0.0,0.0,0.0,0.0,0.25,6.0,2.0,21.0,29.75,0.5,6.75,8.75,True
65,HO Wai Hang,HKG,24.0,R,0.0,0.0,0.5,21.0,0.0,0.0,0.0,1.25,0.0,0.0,0.0,0.0,0.0,0.0,0.0,0.0,0.0,1.0,4.0,0.75,0.5,0.0,29.0,23.75,28.5,29.0,True
66,REIN Stephan,GER,0.0,,0.0,12.0,0.5,0.0,6.0,0.0,0.0,5.0,0.0,0.0,0.0,0.0,0.0,0.0,0.0,0.0,0.0,4.0,0.5,0.0,0.0,0.75,28.75,27.5,28.0,28.0,False
67,GIANNOTTE Flavio,LUX,25.0,R,0.0,6.0,0.0,0.0,12.0,0.0,0.0,5.0,0.0,0.0,0.0,0.0,0.0,0.0,0.0,0.0,0.0,2.0,2.0,0.75,0.0,0.375,28.125,25.0,27.75,27.75,True
68,PETERDI Andras,HUN,32.0,R,0.0,0.0,2.0,0.0,0.0,0.0,0.0,0.0,0.0,0.0,0.0,0.0,0.0,0.0,0.0,0.0,0.0,4.0,0.5,0.0,0.0,21.0,27.5,6.0,6.5,6.5,True
69,KHODOS Sergey,RUS,0.0,,4.0,0.0,1.0,0.0,6.0,0.0,0.0,2.5,0.0,0.0,0.0,0.0,0.0,0.0,0.0,0.0,0.0,0.0,0.0,12.0,0.5,1.5,27.5,13.5,25.5,26.0,False
70,NUNEZ Pablo,CHI,0.0,,0.25,0.0,0.25,0.0,0.0,0.0,21.0,5.0,0.0,0.0,0.0,0.0,0.0,0.0,0.0,0.0,0.0,0.0,0.0,0.0,0.0,0.375,26.875,26.5,26.5,26.5,False
71,SCHMIDT Richard,GER,0.0,,14.0,0.0,0.0,0.0,3.0,0.0,0.0,0.625,0.0,0.0,0.0,0.0,0.0,0.0,2.0,0.0,0.0,0.0,2.0,1.5,0.0,3.0,26.125,19.625,23.125,23.125,False
72,JERENT Daniel,FRA,29.0,R,0.0,0.0,0.0,0.0,0.0,0.0,0.0,0.0,0.0,0.0,0.0,0.0,0.0,0.0,0.0,0.0,0.0,0.0,0.25,21.0,4.0,0.75,26.0,0.0,21.25,25.25,True
73,GUNPUT Satya,MRI,0.0,,0.0,0.75,0.0,0.0,0.0,21.0,0.0,2.5,0.0,0.0,0.0,0.0,0.0,0.0,0.0,0.0,0.0,0.0,0.25,0.375,0.25,0.375,25.5,24.25,24.875,25.125,False
74,HEREY Anatolii,UKR,31.0,R,0.0,0.0,0.0,0.0,0.0,0.0,0.0,0.0,0.0,0.0,0.0,0.0,4.0,0.0,0.0,0.0,0.0,4.0,0.0,6.0,8.0,3.0,25.0,8.0,14.0,22.0,True
75,SONG Hongjie,CHN,0.0,,0.5,0.375,0.0,12.0,0.0,0.0,0.0,10.0,0.0,0.0,0.0,0.0,0.0,0.0,0.0,0.0,0.0,0.0,0.25,1.5,0.25,0.0,24.875,22.875,24.625,24.875,False
76,HARPER Ido,ISR,0.0,,2.0,6.0,1.0,0.0,12.0,0.0,0.0,1.25,0.0,0.0,0.0,0.0,0.0,0.0,0.0,0.0,0.0,0.0,2.0,0.0,0.5,0.0,24.75,22.25,24.25,24.75,False
77,ALSHATTI Abdulaziz,KUW,0.0,,0.0,0.0,0.5,12.0,0.0,0.0,0.0,2.5,4.0,0.0,1.0,2.0,0.0,0.0,0.0,0.0,0.0,0.0,0.0,1.5,0.0,0.0,23.5,22.0,23.5,23.5,False
78,BUZZACCHINO Gianpaolo,ITA,0.0,,0.0,0.0,0.0,0.0,0.0,0.0,0.0,0.0,0.0,0.0,0.0,0.0,0.0,0.0,0.0,0.0,0.0,0.25,0.0,21.0,0.0,1.5,22.75,0.25,21.25,21.25,False
79,STEFFEN Benjamin,SUI,38.0,L,2.0,0.0,1.0,0.0,1.5,0.0,0.0,10.0,0.0,0.0,0.0,0.0,0.0,0.0,0.0,0.0,0.0,0.0,1.0,3.0,4.0,0.0,22.5,14.5,18.5,22.5,True
80,TAGLIARIOL Matteo,ITA,37.0,R,0.0,0.0,0.0,0.0,0.0,0.0,0.0,0.0,0.0,0.0,0.0,0.0,0.0,0.0,0.0,0.0,0.0,0.25,1.0,0.0,0.0,21.0,22.25,0.25,1.25,1.25,True
81,BESKIN Grigori,ISR,0.0,,2.0,3.0,1.0,0.0,12.0,0.0,0.0,2.5,0.0,0.0,0.0,0.0,0.0,0.0,0.0,0.0,0.0,0.0,0.0,0.0,1.0,0.75,22.25,20.5,20.5,21.5,False
82,DI VEROLI Davide,ITA,0.0,,0.0,6.0,4.0,0.0,0.0,0.0,0.0,0.0,0.0,0.0,0.0,0.0,0.0,0.0,0.0,0.0,0.0,8.0,0.0,0.0,1.0,3.0,22.0,18.0,18.0,19.0,False
83,FONG Hoi Sun,HKG,0.0,,0.0,3.0,4.0,6.0,0.0,0.0,0.0,5.0,0.0,0.0,0.0,0.0,0.0,0.0,1.0,0.0,0.0,2.0,0.0,0.75,0.0,0.0,21.75,21.0,21.75,21.75,False
84,NAHI Omar,MAR,0.0,,0.0,0.0,0.0,0.0,0.0,21.0,0.0,0.0,0.0,0.0,0.0,0.0,0.0,0.0,0.0,0.0,0.0,0.0,0.0,0.0,0.0,0.0,21.0,21.0,21.0,21.0,False
85,MALCOTTI Lucas,SUI,0.0,,1.0,3.0,2.0,0.0,6.0,0.0,0.0,5.0,0.0,0.0,0.0,0.0,0.0,0.0,0.0,0.0,0.0,2.0,0.0,0.0,1.0,0.0,20.0,19.0,19.0,20.0,False
86,GARCIA Eduardo,PER,21.0,R,0.5,6.0,0.0,0.0,0.0,0.0,6.0,1.25,0.0,0.0,0.0,0.0,0.0,0.0,0.0,1.0,0.0,1.0,0.0,0.0,4.0,0.0,19.75,15.75,15.75,19.75,True
87,MEDVEDIEV Vitalii,UKR,0.0,,0.0,0.0,4.0,0.0,0.0,0.0,0.0,0.0,0.0,0.0,0.0,0.0,0.0,0.0,0.0,0.0,0.0,2.0,0.0,12.0,0.25,1.5,19.75,6.0,18.0,18.25,False
88,MA Segeon,KOR,26.0,L,0.0,0.0,0.0,0.0,0.0,0.0,0.0,0.0,0.0,0.0,0.0,0.0,0.0,0.0,0.0,0.0,0.0,4.0,2.0,0.375,1.0,12.0,19.375,4.0,6.375,7.375,True
89,PERSU Mario,ROU,0.0,,0.0,0.0,0.0,0.0,12.0,0.0,0.0,5.0,1.0,0.0,0.0,0.0,0.0,0.0,0.0,0.0,0.0,0.5,0.0,0.0,0.0,0.75,19.25,18.5,18.5,18.5,False
90,SHI Gaofeng,CHN,28.0,R,4.0,0.0,0.0,6.0,0.0,0.0,0.0,1.25,0.0,0.0,0.0,0.0,0.0,0.0,0.0,0.0,0.0,0.0,4.0,1.5,1.0,1.5,19.25,11.25,16.75,17.75,True
91,LOYOLA Neisser,BEL,22.0,R,0.0,0.0,0.0,0.0,0.0,0.0,0.0,0.0,0.0,0.0,0.0,0.0,0.0,0.0,0.0,0.0,0.0,1.0,2.0,12.0,1.0,3.0,19.0,1.0,15.0,16.0,True
92,NA Jongkwan,KOR,0.0,,8.0,1.5,1.0,6.0,0.0,0.0,0.0,2.5,0.0,0.0,0.0,0.0,0.0,0.0,0.0,0.0,0.0,0.0,0.0,0.0,0.0,0.0,19.0,19.0,19.0,19.0,False
93,BLAIS-BELANGER Marc-Ant...,CAN,0.0,,0.0,1.5,1.0,0.0,0.0,0.0,6.0,5.0,0.0,0.0,0.0,0.0,0.0,0.0,0.0,3.0,0.0,1.0,0.0,0.0,0.0,0.75,18.25,17.5,17.5,17.5,False
94,BOUZAID Alexandre,SEN,0.0,,0.0,0.0,4.0,0.0,0.0,12.0,0.0,0.0,0.0,0.0,0.0,0.0,0.0,0.0,0.0,0.0,0.0,0.25,0.25,0.0,0.0,1.5,18.0,16.25,16.5,16.5,False
95,AN Sung Ho,KOR,34.0,R,8.0,3.0,0.0,0.0,0.0,0.0,0.0,0.0,0.0,0.0,0.0,0.0,0.0,0.0,0.0,0.0,0.0,2.0,0.0,3.0,2.0,0.0,18.0,13.0,16.0,18.0,True
96,BARGUES Manuel,ESP,25.0,R,0.25,0.0,1.0,0.0,12.0,0.0,0.0,2.5,0.0,0.0,0.0,0.0,0.0,0.0,0.0,0.0,0.0,0.25,2.0,0.0,0.0,0.0,18.0,16.0,18.0,18.0,True
97,GALLY Aymerick,FRA,0.0,,2.0,0.75,14.0,0.0,0.0,0.0,0.0,0.0,0.0,0.0,0.0,0.0,0.0,0.0,0.0,0.0,0.0,0.0,0.5,0.375,0.0,0.0,17.625,16.75,17.625,17.625,False
98,DONG Chao,CHN,32.0,R,8.0,0.0,0.0,0.0,0.0,0.0,0.0,0.0,0.0,0.0,0.0,0.0,0.0,0.0,0.0,0.0,0.0,0.0,8.0,0.75,0.5,0.375,17.625,8.0,16.75,17.25,True
99,KIM Sangmin,KOR,0.0,,0.25,12.0,0.25,0.0,0.0,0.0,0.0,5.0,0.0,0.0,0.0,0.0,0.0,0.0,0.0,0.0,0.0,0.0,0.0,0.0,0.0,0.0,17.5,17.5,17.5,17.5,False
100,FAVA Alex,FRA,31.0,R,0.0,3.0,8.0,0.0,0.0,0.0,0.0,0.0,0.0,0.0,0.0,0.0,0.0,0.0,0.0,0.0,0.0,0.0,1.0,1.5,4.0,0.0,17.5,11.0,13.5,17.5,True
101,MIDELTON Luidgi,FRA,0.0,,4.0,1.5,4.0,0.0,0.0,0.0,0.0,0.0,0.0,0.0,0.0,0.0,0.0,0.0,0.0,0.0,0.0,0.0,0.0,6.0,2.0,0.0,17.5,9.5,15.5,17.5,False
102,CUOMO Valerio,ITA,0.0,,0.0,6.0,2.0,0.0,0.0,0.0,0.0,0.0,0.0,0.0,0.0,0.0,0.0,0.0,0.0,0.0,0.0,0.0,0.0,3.0,0.5,6.0,17.5,8.0,11.0,11.5,False
103,IBANEZ Alvaro,ESP,25.0,R,4.0,0.0,0.0,0.0,3.0,0.0,0.0,0.625,0.0,0.0,0.0,0.0,0.0,0.0,0.0,0.0,0.0,0.0,2.0,0.75,1.0,6.0,17.375,7.625,10.375,11.375,True
104,BAYARD Alexis,SUI,24.0,L,0.0,0.0,2.0,0.0,0.0,0.0,0.0,0.0,0.0,0.0,0.0,0.0,0.0,3.0,0.0,0.0,0.0,0.0,4.0,6.0,2.0,0.0,17.0,5.0,15.0,17.0,True
105,ALIMOV Fayzulla,UZB,0.0,,0.0,3.0,0.0,6.0,0.0,0.0,0.0,0.0,0.0,1.0,0.0,0.0,0.0,0.0,0.0,0.0,0.0,0.0,0.25,0.75,0.0,6.0,17.0,10.0,11.0,11.0,False
106,ANTKIEWICZ Mateusz,POL,26.0,R,0.0,3.0,0.5,0.0,3.0,0.0,0.0,5.0,0.0,0.0,0.0,0.0,0.0,0.0,0.0,0.0,0.0,0.0,2.0,3.0,0.5,0.0,17.0,11.5,16.5,17.0,True
107,CAMARGO Alexandre,BRA,21.0,L,0.0,0.0,0.0,0.0,0.0,0.0,12.0,1.25,0.0,0.0,0.0,0.0,0.0,0.0,0.0,0.0,0.0,0.25,1.0,0.0,2.0,0.375,16.875,13.5,14.5,16.5,True
108,ZHUMABAI UULU Daanysh...,KGZ,0.0,,0.0,0.0,0.0,12.0,0.0,0.0,0.0,2.5,0.0,1.0,0.0,0.0,0.0,0.0,0.0,0.0,0.0,0.25,0.25,0.375,0.0,0.375,16.75,15.75,16.375,16.375,False
109,BELLMANN Lukas,GER,0.0,,0.0,3.0,0.0,0.0,3.0,0.0,0.0,2.5,0.0,0.0,0.0,0.0,0.0,0.0,0.0,0.0,0.0,4.0,0.0,1.5,1.0,1.5,16.5,12.5,14.0,15.0,False
110,BRINCK-CROTEAU Maxime,CAN,0.0,,0.0,0.75,0.0,0.0,0.0,0.0,12.0,1.25,0.0,0.0,0.0,0.0,0.0,0.0,0.0,0.0,0.0,0.5,0.25,1.5,0.25,0.0,16.5,14.5,16.25,16.5,False
111,ROBL Troels Christian,DEN,0.0,,0.0,6.0,0.0,0.0,3.0,0.0,0.0,0.625,0.0,0.0,0.0,0.0,0.0,0.0,0.0,0.0,0.0,1.0,1.0,0.0,1.0,3.0,15.625,10.625,11.625,12.625,False
112,SONG Jae Ho,KOR,30.0,R,0.0,0.0,0.0,0.0,0.0,0.0,0.0,0.0,0.0,0.0,0.0,0.0,0.0,0.0,0.0,0.0,0.0,0.5,1.0,0.0,8.0,6.0,15.5,0.5,1.5,9.5,True
113,TYCHLER Pavel,RSA,0.0,,0.0,0.0,0.0,0.0,0.0,12.0,0.0,2.5,0.0,0.0,0.0,0.0,0.0,0.0,0.0,0.0,0.0,0.0,0.0,0.75,0.0,0.0,15.25,14.5,15.25,15.25,False
114,MARSH Philip,GBR,0.0,,2.0,1.5,2.0,0.0,3.0,0.0,0.0,5.0,0.0,0.0,0.0,0.0,0.0,0.0,0.0,0.0,0.0,1.0,0.0,0.0,0.0,0.75,15.25,14.5,14.5,14.5,False
115,EL HAOUARI Abdelkarim,MAR,0.0,,0.25,0.0,0.0,0.0,0.0,12.0,0.0,1.25,0.0,0.0,0.0,0.0,0.0,0.0,0.0,0.0,0.0,0.25,0.0,0.75,0.25,0.375,15.125,13.75,14.5,14.75,False
116,BONNAIRE Jonathan,FRA,28.0,R,0.0,0.0,0.0,0.0,0.0,0.0,0.0,0.0,0.0,0.0,0.0,0.0,0.0,0.0,0.0,0.0,0.0,0.0,2.0,3.0,8.0,1.5,14.5,0.0,5.0,13.0,True
117,NURMATOV Javokhirbek,UZB,0.0,,0.0,0.0,0.0,12.0,0.0,0.0,0.0,2.5,0.0,0.0,0.0,0.0,0.0,0.0,0.0,0.0,0.0,0.0,0.0,0.0,0.0,0.0,14.5,14.5,14.5,14.5,False
118,DERYABIN Ivan,KAZ,0.0,,0.0,0.0,2.0,3.0,0.0,0.0,0.0,0.0,0.0,2.0,0.0,0.0,0.0,0.0,0.0,0.0,0.0,1.0,0.0,6.0,0.0,0.375,14.375,8.0,14.0,14.0,False
119,CORRENTI Baptiste,FRA,26.0,R,0.5,1.5,0.25,0.0,0.0,0.0,0.0,0.0,0.0,0.0,0.0,0.0,0.0,0.0,0.0,0.0,0.0,0.0,0.0,0.0,0.0,12.0,14.25,2.25,2.25,2.25,True
120,HENRIQUEZ ORTIZ Reynier,CUB,0.0,,2.0,3.0,0.5,0.0,0.0,0.0,6.0,2.5,0.0,0.0,0.0,0.0,0.0,0.0,0.0,0.0,0.0,0.25,0.0,0.0,0.0,0.0,14.25,14.25,14.25,14.25,False
121,FABREGAT Angel,ESP,0.0,,4.0,0.0,0.0,0.0,3.0,0.0,0.0,2.5,0.0,0.0,0.0,0.0,0.0,0.0,0.0,0.0,0.0,0.25,1.0,0.0,0.25,3.0,14.0,9.75,10.75,11.0,False
122,KOSTKA Karol,POL,0.0,,0.5,6.0,2.0,0.0,3.0,0.0,0.0,1.25,0.0,0.0,0.0,0.0,0.0,0.0,0.0,0.0,0.0,0.25,0.0,0.0,0.0,0.75,13.75,13.0,13.0,13.0,False
123,NYCZ Mateusz,POL,0.0,,0.0,0.0,0.5,0.0,3.0,0.0,0.0,5.0,0.0,0.0,0.0,0.0,0.0,0.0,0.0,0.0,0.0,1.0,0.5,3.0,0.0,0.75,13.75,9.5,13.0,13.0,False
124,SANER Harry,RSA,0.0,,0.0,0.0,0.0,0.0,0.0,12.0,0.0,0.625,0.0,0.0,0.0,0.0,0.0,0.0,0.0,0.0,0.0,0.0,0.25,0.75,0.0,0.0,13.625,12.625,13.625,13.625,False
125,ALLEGRE Paul,FRA,0.0,,4.0,3.0,0.0,0.0,0.0,0.0,0.0,0.0,0.0,0.0,0.0,0.0,0.0,0.0,0.0,0.0,0.0,0.0,0.0,1.5,2.0,3.0,13.5,7.0,8.5,10.5,False
126,CAMPOS ZARATE Andres F...,COL,0.0,,0.5,0.0,0.0,0.0,0.0,0.0,12.0,0.625,0.0,0.0,0.0,0.0,0.0,0.0,0.0,0.0,0.0,0.0,0.25,0.0,0.0,0.0,13.375,13.125,13.375,13.375,False
127,SOMFAI Peter,HUN,0.0,,0.0,0.0,8.0,0.0,0.0,0.0,0.0,0.0,0.0,0.0,0.0,0.0,0.0,0.0,0.0,0.0,0.0,2.0,0.25,0.0,0.0,3.0,13.25,10.0,10.25,10.25,False
128,PAOLINI Giacomo,ITA,22.0,R,1.0,0.75,0.25,0.0,0.0,0.0,0.0,0.0,0.0,0.0,0.0,0.0,0.0,0.0,0.0,0.0,0.0,0.0,8.0,0.0,0.0,3.0,13.0,2.0,10.0,10.0,True
129,DIABATE Keletigui Julien,MLI,0.0,,0.0,0.0,0.25,0.0,0.0,12.0,0.0,0.625,0.0,0.0,0.0,0.0,0.0,0.0,0.0,0.0,0.0,0.0,0.0,0.0,0.0,0.0,12.875,12.875,12.875,12.875,False
130,MAISONET Hector,PUR,0.0,,0.0,6.0,0.0,0.0,0.0,0.0,6.0,0.0,0.0,0.0,0.0,0.0,0.0,0.0,0.0,0.0,0.0,0.25,0.0,0.375,0.0,0.0,12.625,12.25,12.625,12.625,False
131,CORDEIRO Joao,POR,0.0,,0.0,1.5,2.0,0.0,6.0,0.0,0.0,2.5,0.0,0.0,0.0,0.0,0.0,0.0,0.0,0.0,0.0,0.25,0.0,0.0,0.0,0.0,12.25,12.25,12.25,12.25,False
132,ALGADI Abubaker Reda,LBA,0.0,,0.0,0.0,0.0,0.0,0.0,12.0,0.0,0.0,0.0,0.0,0.0,0.0,0.0,0.0,0.0,0.0,0.0,0.0,0.0,0.0,0.0,0.0,12.0,12.0,12.0,12.0,False
133,LUGO Grabiel,VEN,0.0,,1.0,0.0,0.25,0.0,0.0,0.0,6.0,0.625,0.0,0.0,0.0,0.0,0.0,0.0,0.0,0.0,0.0,0.0,1.0,1.5,0.0,1.5,11.875,7.875,10.375,10.375,False
134,NIGGELER Michele,SUI,28.0,R,2.0,1.5,0.0,0.0,0.0,0.0,0.0,5.0,0.0,0.0,0.0,0.0,0.0,0.0,0.0,0.0,0.0,0.0,0.0,0.75,2.0,0.375,11.625,8.5,9.25,11.25,True
135,BRUEV Georgiy,RUS,0.0,,2.0,0.0,2.0,0.0,3.0,0.0,0.0,0.0,0.0,0.0,0.0,0.0,0.0,0.0,0.0,0.0,0.0,1.0,0.0,3.0,0.5,0.0,11.5,8.0,11.0,11.5,False
136,BUZZI Lorenzo,ITA,0.0,,2.0,0.0,1.0,0.0,0.0,0.0,0.0,0.0,0.0,0.0,0.0,0.0,0.0,0.0,0.0,0.0,0.0,4.0,0.0,3.0,0.0,1.5,11.5,7.0,10.0,10.0,False
137,SOKOLOV Oleg,UZB,0.0,,0.0,0.0,0.25,6.0,0.0,0.0,0.0,5.0,0.0,0.0,0.0,0.0,0.0,0.0,0.0,0.0,0.0,0.0,0.0,0.0,0.0,0.0,11.25,11.25,11.25,11.25,False
138,HADZIC Alen,USA,28.0,R,2.0,0.0,0.0,0.0,0.0,0.0,0.0,0.0,0.0,0.0,0.0,0.0,0.0,2.0,0.0,0.0,0.0,0.0,2.0,3.0,2.0,0.0,11.0,4.0,9.0,11.0,True
139,NG Ho Tin,HKG,0.0,,0.0,1.5,0.0,3.0,0.0,0.0,0.0,5.0,0.0,0.0,0.0,0.0,0.0,0.0,0.0,0.0,0.0,0.25,0.5,0.0,0.25,0.375,10.875,9.75,10.25,10.5,False
140,BANYAI Zsombor,HUN,0.0,,2.0,0.0,2.0,0.0,0.0,0.0,0.0,0.0,0.0,0.0,0.0,0.0,0.0,0.0,0.0,0.0,0.0,2.0,0.0,3.0,0.0,1.5,10.5,6.0,9.0,9.0,False
141,SALM Juri,EST,0.0,,0.0,1.5,0.0,0.0,3.0,0.0,0.0,2.5,0.0,1.0,1.0,0.0,0.0,0.0,0.0,0.0,0.0,1.0,0.25,0.0,0.0,0.0,10.25,10.0,10.25,10.25,False
142,RUBES Martin,CZE,0.0,,2.0,0.0,2.0,0.0,1.5,0.0,0.0,2.5,0.0,0.0,0.0,0.0,0.0,1.0,0.0,0.0,0.0,0.0,0.5,0.0,0.5,0.0,10.0,9.0,9.5,10.0,False
143,SAKAMOTO Keisuke,JPN,0.0,,1.0,3.0,4.0,0.0,0.0,0.0,0.0,0.0,0.0,0.0,0.0,0.0,0.0,0.0,0.0,0.0,0.0,2.0,0.0,0.0,0.0,0.0,10.0,10.0,10.0,10.0,False
144,SZENYI Peter,HUN,33.0,R,0.0,0.0,0.25,0.0,0.0,0.0,0.0,0.0,0.0,0.0,0.0,0.0,0.0,0.0,0.0,0.0,0.0,1.0,8.0,0.0,0.0,0.375,9.625,1.25,9.25,9.25,True
145,ITO Inochi,JPN,0.0,,0.0,3.0,0.5,0.0,0.0,0.0,0.0,0.0,0.0,0.0,0.0,0.0,0.0,0.0,0.0,0.0,0.0,0.0,1.0,0.0,2.0,3.0,9.5,3.5,4.5,6.5,False
146,SCHWANTES Athos,BRA,0.0,,0.0,3.0,0.0,0.0,0.0,0.0,6.0,0.0,0.0,0.0,0.0,0.0,0.0,0.0,0.0,0.0,0.0,0.0,0.0,0.0,0.0,0.375,9.375,9.0,9.0,9.0,False
147,RAMIREZ Yeisser,USA,33.0,R,0.0,0.0,0.0,0.0,0.0,0.0,0.0,0.0,0.0,0.0,0.0,0.0,0.0,0.0,0.0,0.0,0.0,4.0,2.0,0.375,0.0,3.0,9.375,4.0,6.375,6.375,True
148,BRUNOLD Bruce,SUI,28.0,L,0.25,0.0,0.0,0.0,0.0,0.0,0.0,0.0,0.0,0.0,0.0,0.0,0.0,0.0,0.0,0.0,0.0,0.0,0.0,6.0,2.0,0.75,9.0,0.25,6.25,8.25,True
149,LAI Clarence Ka Tsun,HKG,0.0,,0.0,0.0,0.0,6.0,0.0,0.0,0.0,1.25,0.0,0.0,0.0,0.0,0.0,0.0,0.0,0.0,0.0,0.25,0.0,0.0,0.0,1.5,9.0,7.5,7.5,7.5,False
150,GONZALEZ Rodrigo,CHI,0.0,,0.0,0.0,0.0,0.0,0.0,0.0,6.0,0.0,0.0,0.0,0.0,0.0,0.0,0.0,0.0,0.0,0.0,0.0,0.0,0.0,0.0,3.0,9.0,6.0,6.0,6.0,False
151,BODOCZI Nikolaus,GER,0.0,,0.0,0.75,2.0,0.0,3.0,0.0,0.0,0.625,0.0,0.0,0.0,0.0,0.0,0.0,0.0,0.0,0.0,0.0,0.25,0.75,0.0,1.5,8.875,6.375,7.375,7.375,False
152,PATTERSON Luis Enrique,CUB,0.0,,0.0,0.0,0.25,0.0,0.0,0.0,6.0,2.5,0.0,0.0,0.0,0.0,0.0,0.0,0.0,0.0,0.0,0.0,0.0,0.0,0.0,0.0,8.75,8.75,8.75,8.75,False
153,JOSHUA KOH I-Jie,MAS,0.0,,0.0,0.0,0.25,6.0,0.0,0.0,0.0,1.25,0.0,0.0,0.0,0.0,0.0,0.0,0.0,0.0,0.0,0.0,0.0,0.75,0.0,0.375,8.625,7.5,8.25,8.25,False
154,ENGLISH Alexander,AUS,0.0,,0.0,0.0,0.0,6.0,0.0,0.0,0.0,0.0,0.0,0.0,0.0,0.0,0.0,0.0,0.0,0.0,0.0,0.0,1.0,1.5,0.0,0.0,8.5,6.0,8.5,8.5,False
155,GUSEV Dmitriy,RUS,26.0,L,0.0,0.0,2.0,0.0,0.0,0.0,0.0,0.0,0.0,0.0,0.0,0.0,0.0,0.0,0.0,0.0,0.0,1.0,0.0,1.5,1.0,3.0,8.5,3.0,4.5,5.5,True
156,LAZAROTO Fabrizio,BRA,0.0,,0.0,0.75,0.25,0.0,0.0,0.0,6.0,1.25,0.0,0.0,0.0,0.0,0.0,0.0,0.0,0.0,0.0,0.0,0.25,0.0,0.0,0.0,8.5,8.25,8.5,8.5,False
157,AREDE Pedro,POR,0.0,,0.0,0.75,0.25,0.0,6.0,0.0,0.0,1.25,0.0,0.0,0.0,0.0,0.0,0.0,0.0,0.0,0.0,0.0,0.0,0.0,0.0,0.0,8.25,8.25,8.25,8.25,False
158,TURNAU Peeter,EST,0.0,,0.0,3.0,0.5,0.0,0.0,0.0,0.0,0.0,0.0,0.0,2.0,0.0,0.0,0.0,0.0,0.0,0.0,0.0,0.0,1.5,1.0,0.0,8.0,5.5,7.0,8.0,False
159,TACCANI Alessandro,ARG,0.0,,0.0,0.0,0.25,0.0,0.0,0.0,6.0,1.25,0.0,0.0,0.0,0.0,0.0,0.0,0.0,0.0,0.0,0.25,0.0,0.0,0.25,0.0,8.0,7.75,7.75,8.0,False
160,HERZBERG Fabian,GER,32.0,R,0.0,1.5,0.0,0.0,0.0,0.0,0.0,0.0,0.0,0.0,0.0,0.0,0.0,0.0,0.0,0.0,0.0,1.0,0.5,3.0,2.0,0.0,8.0,2.5,6.0,8.0,True
161,METRAILLER Clement,SUI,0.0,,0.0,0.0,0.25,0.0,0.0,0.0,0.0,0.0,0.0,0.0,0.0,0.0,0.0,0.0,0.0,0.0,0.0,0.0,0.25,6.0,1.0,0.375,7.875,0.25,6.5,7.5,False
162,LIS Daniel,ISR,31.0,R,2.0,0.0,1.0,0.0,1.5,0.0,0.0,0.625,0.0,0.0,0.0,0.0,0.0,0.0,0.0,0.0,0.0,0.5,0.25,0.0,2.0,0.0,7.875,5.625,5.875,7.875,True
163,KUROCHKIN Andrey,RUS,0.0,,0.0,0.0,0.0,0.0,0.0,0.0,0.0,0.0,0.0,2.0,0.0,0.0,0.0,0.0,0.0,0.0,0.0,4.0,1.0,0.0,0.0,0.75,7.75,6.0,7.0,7.0,False
164,SUKHOV Pavel,RUS,32.0,R,0.0,0.0,0.5,0.0,0.0,0.0,0.0,1.25,0.0,0.0,0.0,0.0,0.0,0.0,0.0,0.0,0.0,0.0,1.0,1.5,2.0,1.5,7.75,1.75,4.25,6.25,True
165,TULEN Rafael,NED,0.0,,0.5,0.0,0.25,0.0,3.0,0.0,0.0,0.625,0.0,0.0,0.0,0.0,0.0,0.0,0.0,0.0,0.0,1.0,0.0,0.375,2.0,0.0,7.75,5.375,5.75,7.75,False
166,LIU Yongchuang,CHN,0.0,,0.0,0.0,0.0,0.0,0.0,0.0,0.0,0.0,0.0,0.0,0.0,0.0,0.0,0.0,0.0,0.0,0.0,0.25,0.5,6.0,1.0,0.0,7.75,0.25,6.75,7.75,False
167,TYMOSHENKO Ruslan,UKR,0.0,,0.0,0.0,0.5,0.0,0.0,0.0,0.0,0.0,0.0,0.0,0.0,0.0,0.0,0.0,0.0,0.0,0.0,1.0,0.25,3.0,0.0,3.0,7.75,1.5,4.75,4.75,False
168,KONGSTAD Conrad Seibaek,DEN,23.0,R,0.0,0.0,0.0,0.0,0.0,0.0,0.0,0.0,0.0,0.0,0.0,0.0,0.0,0.0,0.0,0.0,0.0,0.0,0.25,3.0,4.0,0.375,7.625,0.0,3.25,7.25,True
169,SVENSSON Jonathan,SWE,21.0,R,0.0,0.0,0.25,0.0,0.0,0.0,0.0,0.0,2.0,0.0,0.0,0.0,0.0,0.0,0.0,0.0,0.0,0.25,2.0,0.0,0.0,3.0,7.5,2.5,4.5,4.5,True
170,DORATI AMEGLIO Arturo Is...,PAN,0.0,,0.0,0.0,0.5,0.0,0.0,0.0,6.0,0.0,0.0,0.0,0.0,0.0,0.0,0.0,0.0,1.0,0.0,0.0,0.0,0.0,0.0,0.0,7.5,7.5,7.5,7.5,False
171,POKORNY Richard,CZE,0.0,,0.0,1.5,0.0,0.0,0.0,0.0,0.0,0.0,0.0,0.0,3.0,0.0,0.0,0.0,0.0,0.0,0.0,0.0,1.0,0.75,1.0,0.0,7.25,4.5,6.25,7.25,False
172,SON Minseong,KOR,0.0,,0.5,0.75,0.0,0.0,0.0,0.0,0.0,0.0,0.0,0.0,0.0,0.0,0.0,0.0,0.0,0.0,0.0,0.0,0.0,6.0,0.0,0.0,7.25,1.25,7.25,7.25,False
173,LUBIENIECKI Wojciech,POL,20.0,R,0.0,0.0,0.0,0.0,0.0,0.0,0.0,0.0,0.0,0.0,0.0,0.0,0.0,0.0,0.0,0.0,0.0,0.25,4.0,0.0,0.0,3.0,7.25,0.25,4.25,4.25,True
174,WRIGHT John,CAN,0.0,,1.0,0.0,0.25,0.0,0.0,0.0,3.0,2.5,0.0,0.0,0.0,0.0,0.0,0.0,0.0,0.0,0.0,0.25,0.25,0.0,0.0,0.0,7.25,7.0,7.25,7.25,False
175,OJEDA BUITRAGO Daniel,CRC,0.0,,0.0,0.0,0.0,0.0,0.0,0.0,6.0,0.0,0.0,0.0,0.0,0.0,0.0,0.0,0.0,1.0,0.0,0.0,0.0,0.0,0.0,0.0,7.0,7.0,7.0,7.0,False
176,PIZZO Paolo,ITA,0.0,,4.0,3.0,0.0,0.0,0.0,0.0,0.0,0.0,0.0,0.0,0.0,0.0,0.0,0.0,0.0,0.0,0.0,0.0,0.0,0.0,0.0,0.0,7.0,7.0,7.0,7.0,False
177,GRUNHAUSER Richard,BRA,0.0,,0.25,0.75,0.0,0.0,0.0,0.0,6.0,0.0,0.0,0.0,0.0,0.0,0.0,0.0,0.0,0.0,0.0,0.0,0.0,0.0,0.0,0.0,7.0,7.0,7.0,7.0,False
178,NOVOSJOLOV Nikolai,EST,0.0,,2.0,3.0,2.0,0.0,0.0,0.0,0.0,0.0,0.0,0.0,0.0,0.0,0.0,0.0,0.0,0.0,0.0,0.0,0.0,0.0,0.0,0.0,7.0,7.0,7.0,7.0,False
179,KUHN Georg,SUI,27.0,R,0.0,1.5,0.0,0.0,0.0,0.0,0.0,0.0,0.0,0.0,0.0,0.0,0.0,0.0,0.0,0.0,0.0,1.0,2.0,1.5,1.0,0.0,7.0,2.5,6.0,7.0,True
180,FARDZINOV Alan,RUS,0.0,,2.0,0.0,0.0,0.0,0.0,0.0,0.0,0.0,0.0,0.0,0.0,0.0,0.0,0.0,0.0,0.0,0.0,0.25,0.5,0.0,1.0,3.0,6.75,2.25,2.75,3.75,False
181,ESKOV Ruslan,EST,0.0,,0.0,0.0,0.5,0.0,3.0,0.0,0.0,1.25,0.0,0.0,1.0,0.0,0.0,0.0,0.0,0.0,0.0,0.25,0.25,0.0,0.0,0.375,6.625,6.0,6.25,6.25,False
182,BUHDEIMA Khaled,LBA,0.0,,0.0,0.0,0.0,0.0,0.0,6.0,0.0,0.625,0.0,0.0,0.0,0.0,0.0,0.0,0.0,0.0,0.0,0.0,0.0,0.0,0.0,0.0,6.625,6.625,6.625,6.625,False
183,FRENCH Dylan,CAN,23.0,R,0.25,0.0,0.0,0.0,0.0,0.0,0.0,0.0,0.0,0.0,0.0,0.0,0.0,0.0,0.0,4.0,0.0,0.0,2.0,0.0,0.25,0.0,6.5,4.25,6.25,6.5,True
184,DABIJA Adrian,ROU,0.0,,0.0,0.0,0.0,0.0,0.0,0.0,0.0,0.625,3.0,0.0,0.0,0.0,0.0,0.0,0.0,0.0,0.0,0.25,1.0,0.75,0.0,0.75,6.375,3.875,5.625,5.625,False
185,BIABIANY Mathias,FRA,25.0,L,0.0,0.0,0.5,0.0,0.0,0.0,0.0,0.0,0.0,0.0,0.0,0.0,0.0,0.0,0.0,0.0,0.0,1.0,4.0,0.375,0.5,0.0,6.375,1.5,5.875,6.375,True
186,PETROV Roman,KGZ,0.0,,0.0,0.0,0.25,3.0,0.0,0.0,0.0,2.5,0.0,0.0,0.0,0.0,0.0,0.0,0.0,0.0,0.0,0.0,0.25,0.0,0.0,0.375,6.375,5.75,6.0,6.0,False
187,ALEKSANDROV Roman,UZB,0.0,,0.0,0.0,0.25,6.0,0.0,0.0,0.0,0.0,0.0,0.0,0.0,0.0,0.0,0.0,0.0,0.0,0.0,0.0,0.0,0.0,0.0,0.0,6.25,6.25,6.25,6.25,False
188,LOPEZ POURTIER Nelson,FRA,0.0,,0.0,0.0,0.25,0.0,0.0,0.0,0.0,0.0,0.0,0.0,0.0,0.0,0.0,0.0,0.0,0.0,0.0,0.0,0.0,0.0,0.0,6.0,6.25,0.25,0.25,0.25,False
189,DORIGO Clement,FRA,0.0,,0.5,1.5,4.0,0.0,0.0,0.0,0.0,0.0,0.0,0.0,0.0,0.0,0.0,0.0,0.0,0.0,0.0,0.25,0.0,0.0,0.0,0.0,6.25,6.25,6.25,6.25,False
190,GROVER Elliott,GBR,0.0,,4.0,0.0,0.25,0.0,0.0,0.0,0.0,1.25,0.0,0.0,0.0,0.0,0.0,0.0,0.0,0.0,0.0,0.25,0.0,0.0,0.0,0.375,6.125,5.75,5.75,5.75,False
191,SYCH Yan,UKR,24.0,R,2.0,0.0,0.0,0.0,0.0,0.0,0.0,0.0,0.0,0.0,0.0,0.0,0.0,0.0,0.0,0.0,0.0,0.0,1.0,0.375,2.0,0.75,6.125,2.0,3.375,5.375,True
192,ADAIKIN Dmitriy,KAZ,0.0,,2.0,0.0,1.0,0.0,0.0,0.0,0.0,0.0,0.0,2.0,0.0,0.0,0.0,0.0,0.0,0.0,0.0,0.25,0.0,0.75,0.0,0.0,6.0,5.25,6.0,6.0,False
193,ABUJTELA Abdussalam,LBA,0.0,,0.0,0.0,0.0,0.0,0.0,6.0,0.0,0.0,0.0,0.0,0.0,0.0,0.0,0.0,0.0,0.0,0.0,0.0,0.0,0.0,0.0,0.0,6.0,6.0,6.0,6.0,False
194,RAMI Aissam,MAR,0.0,,0.0,0.0,0.0,0.0,0.0,6.0,0.0,0.0,0.0,0.0,0.0,0.0,0.0,0.0,0.0,0.0,0.0,0.0,0.0,0.0,0.0,0.0,6.0,6.0,6.0,6.0,False
195,ESMAEILI Mohammad,IRI,0.0,,0.0,0.0,0.0,6.0,0.0,0.0,0.0,0.0,0.0,0.0,0.0,0.0,0.0,0.0,0.0,0.0,0.0,0.0,0.0,0.0,0.0,0.0,6.0,6.0,6.0,6.0,False
196,QUIROS Jose,PAN,0.0,,0.0,0.0,0.0,0.0,0.0,0.0,6.0,0.0,0.0,0.0,0.0,0.0,0.0,0.0,0.0,0.0,0.0,0.0,0.0,0.0,0.0,0.0,6.0,6.0,6.0,6.0,False
197,LEE Simon Renjie,SGP,0.0,,0.0,0.0,0.0,3.0,0.0,0.0,0.0,0.625,0.0,0.0,0.0,0.0,0.0,0.0,0.0,0.0,0.0,0.0,0.0,0.75,0.0,1.5,5.875,3.625,4.375,4.375,False
198,YU Lefan,CHN,0.0,,0.0,0.0,0.0,0.0,0.0,0.0,0.0,0.0,0.0,0.0,0.0,0.0,0.0,0.0,0.0,0.0,0.0,4.0,0.25,0.75,0.5,0.375,5.875,4.0,5.0,5.5,False
199,SERTAY Yerlik,KAZ,0.0,,1.0,0.0,0.0,0.0,0.0,0.0,0.0,0.0,0.0,0.0,0.0,0.0,0.0,0.0,0.0,0.0,0.0,1.0,0.0,3.0,0.0,0.75,5.75,2.0,5.0,5.0,False
200,ROD Max,POR,0.0,,0.0,0.0,0.0,0.0,3.0,0.0,0.0,1.25,0.0,0.0,0.0,0.0,0.0,0.0,0.0,0.0,0.0,0.25,0.25,0.375,0.25,0.375,5.75,4.5,5.125,5.375,False
201,SANCHEZ-LETHEM Paul Ja...,GBR,0.0,,0.25,0.75,0.0,0.0,3.0,0.0,0.0,0.0,0.0,0.0,0.0,0.0,0.0,0.0,0.0,0.0,0.0,1.0,0.25,0.0,0.5,0.0,5.75,5.0,5.25,5.75,False
202,GAVALDA Eugeni,ESP,0.0,,0.5,0.0,0.0,0.0,0.0,0.0,0.0,0.0,0.0,0.0,0.0,0.0,0.0,0.0,0.0,0.0,0.0,0.5,0.25,0.0,4.0,0.375,5.625,1.0,1.25,5.25,False
203,NUOTIO Tatu,FIN,0.0,,0.0,0.0,0.25,0.0,0.0,0.0,0.0,5.0,0.0,0.0,0.0,0.0,0.0,0.0,0.0,0.0,0.0,0.0,0.25,0.0,0.0,0.0,5.5,5.25,5.5,5.5,False
204,KOMATA Akira,JPN,0.0,,0.0,0.75,0.0,0.0,0.0,0.0,0.0,0.0,0.0,0.0,0.0,0.0,0.0,0.0,0.0,0.0,0.0,0.5,0.0,1.5,2.0,0.75,5.5,1.25,2.75,4.75,False
205,TAURIAINEN Topias,FIN,0.0,,0.0,0.0,0.0,0.0,3.0,0.0,0.0,0.625,0.0,0.0,0.0,1.0,0.0,0.0,0.0,0.0,0.0,0.25,0.0,0.0,0.0,0.375,5.25,4.875,4.875,4.875,False
206,SZILAGYI Adrian Ciprian,ROU,0.0,,0.0,0.0,0.0,0.0,3.0,0.0,0.0,0.625,0.0,0.0,0.0,0.0,0.0,0.0,1.0,0.0,0.0,0.0,0.25,0.0,0.0,0.375,5.25,4.625,4.875,4.875,False
207,PAAVOLAINEN Jaakko,FIN,0.0,,0.0,0.0,0.25,0.0,3.0,0.0,0.0,0.625,0.0,0.0,0.0,1.0,0.0,0.0,0.0,0.0,0.0,0.25,0.0,0.0,0.0,0.0,5.125,5.125,5.125,5.125,False
208,ALDAWOOD Jawad,KSA,0.0,,0.0,0.0,0.25,3.0,0.0,0.0,0.0,1.25,0.0,0.0,0.0,0.0,0.0,0.0,0.0,0.0,0.0,0.25,0.25,0.0,0.0,0.0,5.0,4.75,5.0,5.0,False
209,FOUGY Nathan,FRA,0.0,,0.0,0.0,4.0,0.0,0.0,0.0,0.0,0.0,0.0,0.0,0.0,0.0,0.0,0.0,0.0,0.0,0.0,0.5,0.5,0.0,0.0,0.0,5.0,4.5,5.0,5.0,False
210,BOUILLOT Hippolyte,FRA,0.0,,4.0,0.75,0.0,0.0,0.0,0.0,0.0,0.0,0.0,0.0,0.0,0.0,0.0,0.0,0.0,0.0,0.0,0.25,0.0,0.0,0.0,0.0,5.0,5.0,5.0,5.0,False
211,SCHUMACHER Cooper,USA,0.0,,2.0,0.75,0.0,0.0,0.0,0.0,0.0,0.0,0.0,0.0,0.0,0.0,0.0,0.0,0.0,0.0,0.0,0.25,0.5,1.5,0.0,0.0,5.0,3.0,5.0,5.0,False
212,KNYSH Oleg,RUS,22.0,L,0.0,0.0,0.0,0.0,0.0,0.0,0.0,0.0,0.0,0.0,0.0,0.0,0.0,0.0,2.0,0.0,0.0,0.0,2.0,0.0,0.5,0.375,4.875,2.0,4.0,4.5,True
213,UNTERHAUSER Samuel,GER,23.0,L,0.0,0.0,0.5,0.0,0.0,0.0,0.0,0.0,0.0,0.0,0.0,0.0,0.0,0.0,0.0,0.0,0.0,0.0,0.5,0.375,2.0,1.5,4.875,0.5,1.375,3.375,True
214,PITTET Alexandre,SUI,0.0,,1.0,3.0,0.0,0.0,0.0,0.0,0.0,0.0,0.0,0.0,0.0,0.0,0.0,0.0,0.0,0.0,0.0,0.0,0.25,0.0,0.25,0.375,4.875,4.0,4.25,4.5,False
215,CANDEIAS Ricardo,POR,0.0,,0.0,0.0,0.25,0.0,1.5,0.0,0.0,2.5,0.0,0.0,0.0,0.0,0.0,0.0,0.0,0.0,0.0,0.5,0.0,0.0,0.0,0.0,4.75,4.75,4.75,4.75,False
216,HATZ Nick,SUI,0.0,,0.5,0.0,0.0,0.0,0.0,0.0,0.0,0.0,0.0,0.0,0.0,0.0,0.0,0.0,0.0,0.0,0.0,0.25,0.5,0.0,0.5,3.0,4.75,0.75,1.25,1.75,False
217,MAKAROVAS Tomas,LTU,0.0,,0.0,0.0,0.0,0.0,3.0,0.0,0.0,1.25,0.0,0.0,0.0,0.0,0.0,0.0,0.0,0.0,0.0,0.0,0.0,0.0,0.0,0.375,4.625,4.25,4.25,4.25,False
218,NOLLNER Dylan,USA,0.0,,1.0,0.75,2.0,0.0,0.0,0.0,0.0,0.0,0.0,0.0,0.0,0.0,0.0,0.0,0.0,0.0,0.0,0.5,0.0,0.375,0.0,0.0,4.625,4.25,4.625,4.625,False
219,KNUDSEN Kenneth,DEN,0.0,,0.0,0.0,0.0,0.0,0.0,0.0,0.0,0.0,0.0,0.0,0.0,0.0,0.0,0.0,0.0,0.0,2.0,0.25,1.0,0.0,0.5,0.75,4.5,2.25,3.25,3.75,False
220,BRINKMANN Marco,GER,0.0,,1.0,0.0,1.0,0.0,0.0,0.0,0.0,0.0,0.0,0.0,0.0,0.0,0.0,0.0,0.0,0.0,0.0,0.0,1.0,0.75,0.0,0.75,4.5,2.0,3.75,3.75,False
221,FEROT Francois Xavier,BEL,0.0,,0.5,0.0,0.25,0.0,1.5,0.0,0.0,0.0,0.0,0.0,0.0,0.0,0.0,0.0,0.0,0.0,0.0,2.0,0.25,0.0,0.0,0.0,4.5,4.25,4.5,4.5,False
222,RADFORD Kristian,AUS,0.0,,0.0,0.0,0.0,3.0,0.0,0.0,0.0,1.25,0.0,0.0,0.0,0.0,0.0,0.0,0.0,0.0,0.0,0.0,0.25,0.0,0.0,0.0,4.5,4.25,4.5,4.5,False
223,BRZOZOWSKI Seweryn,POL,27.0,R,0.0,0.0,0.0,0.0,0.0,0.0,0.0,0.0,0.0,0.0,0.0,0.0,0.0,0.0,0.0,0.0,0.0,1.0,2.0,0.0,0.0,1.5,4.5,1.0,3.0,3.0,True
224,ROA Hernando,COL,0.0,,1.0,0.75,0.0,0.0,0.0,0.0,0.0,0.625,0.0,0.0,0.0,0.0,0.0,0.0,0.0,0.0,0.0,0.0,0.5,0.0,0.0,1.5,4.375,2.375,2.875,2.875,False
225,BRAUN Rico,GER,0.0,,0.0,1.5,0.0,0.0,0.0,0.0,0.0,0.0,0.0,0.0,0.0,0.0,0.0,0.0,0.0,0.0,1.0,0.5,0.0,0.0,0.5,0.75,4.25,3.0,3.0,3.5,False
226,PHILIPPE Arthur,FRA,0.0,,0.0,1.5,1.0,0.0,0.0,0.0,0.0,0.0,0.0,0.0,0.0,0.0,0.0,0.0,0.0,0.0,0.0,0.0,0.0,0.75,1.0,0.0,4.25,2.5,3.25,4.25,False
227,THOMPSON Soren,USA,39.0,R,0.0,0.0,0.0,0.0,0.0,0.0,0.0,0.0,0.0,0.0,0.0,0.0,0.0,0.0,0.0,0.0,0.0,0.0,2.0,0.75,1.0,0.375,4.125,0.0,2.75,3.75,True
228,HUSSON Geoffroy,BEL,0.0,,0.0,0.0,0.25,0.0,3.0,0.0,0.0,0.0,0.0,0.0,0.0,0.0,0.0,0.0,0.0,0.0,0.0,0.25,0.25,0.0,0.0,0.375,4.125,3.5,3.75,3.75,False
229,TAN Weixuan,SGP,0.0,,0.0,0.0,0.0,3.0,0.0,0.0,0.0,0.0,0.0,0.0,0.0,0.0,0.0,1.0,0.0,0.0,0.0,0.0,0.0,0.0,0.0,0.0,4.0,4.0,4.0,4.0,False
230,KIM Myeongki,KOR,0.0,,0.0,0.0,4.0,0.0,0.0,0.0,0.0,0.0,0.0,0.0,0.0,0.0,0.0,0.0,0.0,0.0,0.0,0.0,0.0,0.0,0.0,0.0,4.0,4.0,4.0,4.0,False
231,HAYES Isaac,AUS,0.0,,0.0,0.0,0.0,3.0,0.0,0.0,0.0,0.625,0.0,0.0,0.0,0.0,0.0,0.0,0.0,0.0,0.0,0.0,0.25,0.0,0.0,0.0,3.875,3.625,3.875,3.875,False
232,BRATTON Benjamin,USA,0.0,,0.0,0.75,0.0,0.0,0.0,0.0,0.0,0.0,0.0,0.0,0.0,0.0,0.0,0.0,0.0,0.0,0.0,1.0,0.0,0.75,1.0,0.375,3.875,1.75,2.5,3.5,False
233,ISLAS FLYGARE Linus,SWE,0.0,,0.0,0.75,0.25,0.0,0.0,0.0,0.0,0.0,0.0,0.0,2.0,0.0,0.0,0.0,0.0,0.0,0.0,0.25,0.5,0.0,0.0,0.0,3.75,3.25,3.75,3.75,False
234,CHALOEMCHANEN Chinn...,THA,0.0,,0.0,0.0,0.25,3.0,0.0,0.0,0.0,0.0,0.0,0.0,0.0,0.0,0.0,0.0,0.0,0.0,0.0,0.25,0.25,0.0,0.0,0.0,3.75,3.5,3.75,3.75,False
235,BAUDUNOV Khasan,UZB,0.0,,0.0,0.0,0.0,0.0,0.0,0.0,0.0,0.0,0.0,3.0,0.0,0.0,0.0,0.0,0.0,0.0,0.0,0.0,0.25,0.0,0.0,0.375,3.625,3.0,3.25,3.25,False
236,ALFOUDARI Hassan,KUW,0.0,,0.0,0.0,0.0,3.0,0.0,0.0,0.0,0.625,0.0,0.0,0.0,0.0,0.0,0.0,0.0,0.0,0.0,0.0,0.0,0.0,0.0,0.0,3.625,3.625,3.625,3.625,False
237,VORONIN Vyacheslav,TKM,0.0,,0.0,0.0,0.0,3.0,0.0,0.0,0.0,0.625,0.0,0.0,0.0,0.0,0.0,0.0,0.0,0.0,0.0,0.0,0.0,0.0,0.0,0.0,3.625,3.625,3.625,3.625,False
238,DAGANI Elia,SUI,0.0,,0.25,1.5,0.0,0.0,0.0,0.0,0.0,0.0,0.0,0.0,0.0,0.0,0.0,0.0,0.0,0.0,0.0,0.0,0.25,1.5,0.0,0.0,3.5,1.75,3.5,3.5,False
239,GUSMAN Agustin Adolfo,ARG,0.0,,0.25,0.0,0.0,0.0,0.0,0.0,3.0,0.0,0.0,0.0,0.0,0.0,0.0,0.0,0.0,0.0,0.0,0.25,0.0,0.0,0.0,0.0,3.5,3.5,3.5,3.5,False
240,CROOK Lachlan,AUS,0.0,,0.0,0.0,0.0,3.0,0.0,0.0,0.0,0.0,0.0,0.0,0.0,0.0,0.0,0.0,0.0,0.0,0.0,0.0,0.5,0.0,0.0,0.0,3.5,3.0,3.5,3.5,False
241,POSTMA Randy,NED,0.0,,0.25,0.0,0.25,0.0,3.0,0.0,0.0,0.0,0.0,0.0,0.0,0.0,0.0,0.0,0.0,0.0,0.0,0.0,0.0,0.0,0.0,0.0,3.5,3.5,3.5,3.5,False
242,DILIBERTO Luca,ITA,0.0,,0.0,0.0,0.0,0.0,0.0,0.0,0.0,0.0,0.0,0.0,0.0,0.0,0.0,0.0,0.0,0.0,0.0,2.0,0.0,0.0,0.0,1.5,3.5,2.0,2.0,2.0,False
243,MURAKAMI Satoki,JPN,0.0,,1.0,0.0,0.0,0.0,0.0,0.0,0.0,0.0,0.0,0.0,0.0,0.0,0.0,0.0,0.0,0.0,0.0,0.25,0.5,1.5,0.25,0.0,3.5,1.25,3.25,3.5,False
244,GALPER Stanislav,ISR,0.0,,0.0,0.0,1.0,0.0,0.0,0.0,0.0,0.0,0.0,0.0,0.0,0.0,0.0,0.0,0.0,0.0,0.0,1.0,0.25,0.0,0.5,0.75,3.5,2.0,2.25,2.75,False
245,ALIYEV Kanan,AZE,0.0,,0.0,0.0,0.25,0.0,1.5,0.0,0.0,0.625,0.0,0.0,0.0,0.0,0.0,0.0,0.0,0.0,0.0,0.0,0.25,0.375,0.0,0.375,3.375,2.375,3.0,3.0,False
246,JOHNSTON LEYER Bradley,CRC,0.0,,0.25,0.0,0.0,0.0,0.0,0.0,3.0,0.0,0.0,0.0,0.0,0.0,0.0,0.0,0.0,0.0,0.0,0.0,0.0,0.0,0.0,0.0,3.25,3.25,3.25,3.25,False
247,KAVVADIAS Savvas,GRE,0.0,,0.0,0.0,0.5,0.0,1.5,0.0,0.0,0.625,0.0,0.0,0.0,0.0,0.0,0.0,0.0,0.0,0.0,0.25,0.0,0.0,0.0,0.375,3.25,2.875,2.875,2.875,False
248,CUPR Michal,CZE,0.0,,1.0,0.75,0.0,0.0,0.0,0.0,0.0,0.0,0.0,0.0,0.0,0.0,0.0,0.0,0.0,0.0,0.0,0.0,0.0,0.0,0.0,1.5,3.25,1.75,1.75,1.75,False
249,TARANENKO Yuriy,UKR,0.0,,0.25,0.0,2.0,0.0,0.0,0.0,0.0,0.0,0.0,0.0,0.0,0.0,0.0,0.0,0.0,0.0,0.0,0.5,0.0,0.0,0.0,0.375,3.125,2.75,2.75,2.75,False
250,YOO Justin,USA,0.0,,2.0,0.375,0.25,0.0,0.0,0.0,0.0,0.0,0.0,0.0,0.0,0.0,0.0,0.0,0.0,0.0,0.0,0.25,0.25,0.0,0.0,0.0,3.125,2.875,3.125,3.125,False
251,KWON Jaeseon,KOR,0.0,,0.0,0.0,0.0,0.0,0.0,0.0,0.0,0.0,0.0,0.0,0.0,0.0,0.0,0.0,0.0,0.0,0.0,0.5,0.25,1.5,0.5,0.375,3.125,0.5,2.25,2.75,False
252,BIELEC Maciej,POL,0.0,,0.0,0.75,0.0,0.0,0.0,0.0,0.0,0.0,0.0,0.0,0.0,0.0,1.0,0.0,0.0,0.0,0.0,0.5,0.0,0.375,0.0,0.375,3.0,2.25,2.625,2.625,False
253,CHAKAROV Ilia,BUL,0.0,,0.0,0.0,0.0,0.0,0.0,0.0,0.0,0.625,1.0,0.0,0.0,0.0,0.0,0.0,0.0,0.0,0.0,0.0,1.0,0.0,0.0,0.375,3.0,1.625,2.625,2.625,False
254,GROSSE Arthur,NOR,0.0,,0.0,0.0,0.0,0.0,3.0,0.0,0.0,0.0,0.0,0.0,0.0,0.0,0.0,0.0,0.0,0.0,0.0,0.0,0.0,0.0,0.0,0.0,3.0,3.0,3.0,3.0,False
255,WENGLARCZYK Jan,POL,0.0,,0.0,0.0,0.0,0.0,0.0,0.0,0.0,0.0,0.0,0.0,0.0,0.0,0.0,0.0,0.0,0.0,0.0,2.0,1.0,0.0,0.0,0.0,3.0,2.0,3.0,3.0,False
256,PAULOUSKI Dzianis,BLR,24.0,L,0.0,0.0,0.0,0.0,0.0,0.0,0.0,0.0,0.0,0.0,0.0,0.0,0.0,0.0,0.0,0.0,0.0,1.0,2.0,0.0,0.0,0.0,3.0,1.0,3.0,3.0,True
257,AL DAWOOD Zakaria,KSA,0.0,,0.0,0.0,0.0,3.0,0.0,0.0,0.0,0.0,0.0,0.0,0.0,0.0,0.0,0.0,0.0,0.0,0.0,0.0,0.0,0.0,0.0,0.0,3.0,3.0,3.0,3.0,False
258,ABED Faisal,KSA,0.0,,0.0,0.0,0.0,3.0,0.0,0.0,0.0,0.0,0.0,0.0,0.0,0.0,0.0,0.0,0.0,0.0,0.0,0.0,0.0,0.0,0.0,0.0,3.0,3.0,3.0,3.0,False
259,HSIEH JAROV Seraphim,CAN,0.0,,0.0,0.75,0.25,0.0,0.0,0.0,0.0,0.0,0.0,0.0,0.0,0.0,0.0,0.0,0.0,0.0,0.0,0.0,0.0,0.0,2.0,0.0,3.0,1.0,1.0,3.0,False
260,ANUPONGKUNKIT Kantap...,THA,0.0,,0.0,0.0,0.0,3.0,0.0,0.0,0.0,0.0,0.0,0.0,0.0,0.0,0.0,0.0,0.0,0.0,0.0,0.0,0.0,0.0,0.0,0.0,3.0,3.0,3.0,3.0,False
265,OSMANTOUSON Marua,HUN,18.0,R,0.0,0.0,0.0,0.0,0.0,0.0,0.0,0.0,0.0,0.0,0.0,0.0,0.0,0.0,0.0,0.0,0.0,0.0,0.0,0.0,0.0,3.0,3.0,0.0,0.0,0.0,True
272,CHAU Chak Hin Nicholas,HKG,25.0,R,0.0,0.0,0.0,0.0,0.0,0.0,0.0,0.0,0.0,0.0,0.0,0.0,0.0,0.0,0.0,0.0,0.0,0.25,0.0,0.0,2.0,0.375,2.625,0.25,0.25,2.25,True
